,crystal_name,RealCrystalName,smiles,new_smiles,alternate_name,site_name,pdb_entry
1,Mac1-DLS-EU0034_0A,Mac1-DLS-EU0034,C1c2cncnc2NC1,NA,EN300-321461,A1 - Adenine site (XChem),5S18
2,Mac1-DLS-EU0046_0A,Mac1-DLS-EU0046,Cc1n[nH]c(N)c1C#N,NA,EN300-43406,A1 - Adenine site (XChem),5S1A
3,Mac1-DLS-EU0046_0B,Mac1-DLS-EU0046,Cc1n[nH]c(N)c1C#N,NA,EN300-43406,X1 - Xtal contact (XChem),5S1A
4,Mac1-DLS-EU0056_0A,Mac1-DLS-EU0056,NCc1cc(Br)cnc1,NA,Z3034471507,A1 - Adenine site (XChem),5S1C
5,Mac1-DLS-EU0087_0A,Mac1-DLS-EU0087,CC(Nc1nccs1)=O,NA,AB-601_30915014,A1 - Adenine site (XChem),5S1E
6,Mac1-DLS-EU0123_0A,Mac1-DLS-EU0123,Cc1c(CO)cncc1,NA,EN300-108952,A1 - Adenine site (XChem),5S1G
7,Mac1-DLS-EU0144_0A,Mac1-DLS-EU0144,Cc1nc(C#N)c(N)o1,NA,EN300-301084,A1 - Adenine site (XChem),5S1I
8,Mac1-DLS-EU0172_0A,Mac1-DLS-EU0172,NCCN(C=CC=C1)C1=O,NA,EN300-105873,A1 - Adenine site (XChem),5S1K
9,Mac1-DLS-EU0238_0A,Mac1-DLS-EU0238,NCC(Nc1nccs1)=O,NA,STK497968,A1 - Adenine site (XChem),5S1M
10,Mac1-DLS-EU0241_0A,Mac1-DLS-EU0241,Nc1cnc2[nH]ncc2c1,NA,STL414928,A1 - Adenine site (XChem),5S1O
11,Mac1-DLS-EU0291_0A,Mac1-DLS-EU0291,O=C1NC=Nc2c1cccc2,NA,EN300-17035,A1 - Adenine site (XChem),5S1Q
12,Mac1-DLS-EU0293_0A,Mac1-DLS-EU0293,Nc1cc(COCC2)c2nc1,NA,Z1613477500,A1 - Adenine site (XChem),5S1S
13,Mac1-DLS-EU0342_0A,Mac1-DLS-EU0342,CNC(C(C=C1)=CNC1=O)=O,NA,EN300-52144,A1 - Adenine site (XChem),5S1U
14,Mac1-DLS-EU0424_0A,Mac1-DLS-EU0424,CC(NC1=CC(Br)=CNC1=O)=O,NA,Z838838708,A1 - Adenine site (XChem),5S1W
15,Mac1-DLS-EU0481_0A,Mac1-DLS-EU0481,NCc1cc2ccccc2nc1,NA,STK346965,A1 - Adenine site (XChem),5S1Y
16,Mac1-DLS-EU0526_0A,Mac1-DLS-EU0526,NC1c2cccc(O)c2CCC1,NA,PB1827975385,X1 - Xtal contact (XChem),5S20
17,Mac1-DLS-EU0569_0A,Mac1-DLS-EU0569,NC(C1=Cc(cccc2)c2OC1)=O,NA,Z145120524,A1 - Adenine site (XChem),5S22
18,Mac1-DLS-EU0704_0A,Mac1-DLS-EU0704,CNC(Cn1c(cccc2)c2nc1)=O,NA,EN300-697611,A1 - Adenine site (XChem),5S24
19,Mac1-DLS-EU0716_0A,Mac1-DLS-EU0716,CCc1c(C(NC)=O)[nH]c(C)c1C(C)=O,NA,Z605596346,A1 - Adenine site (XChem),5S26
20,Mac1-DLS-EU0744_0B,Mac1-DLS-EU0744,NCCCN1c(cccc2)c2OCC1=O,NA,Z1262398530,X1 - Xtal contact (XChem),5S27
21,Mac1-DLS-EU0815_0A,Mac1-DLS-EU0815,CC(CO)NC(Nc1cc(F)c(C)cc1)=O,NA,Z409974522,A1 - Adenine site (XChem),5S28
22,Mac1-DLS-EU0844_0A,Mac1-DLS-EU0844,Cc(nc(cc(cc1)F)c1c1)c1C(NC)=O,NA,Z199959602,A1 - Adenine site (XChem),5S29
23,Mac1-DLS-EU0860_0A,Mac1-DLS-EU0860,Cn1ncc(C(Nc(cc2)ccc2O)=O)c1,NA,Z1263529624,D1 - Glycine rich loop (XChem),5S2A
24,Mac1-DLS-EU0906_0A,Mac1-DLS-EU0906,CCn1ncc(NC(c(cc2)ccc2F)=O)c1,NA,Z373769142,D1 - Glycine rich loop (XChem),5S2B
25,Mac1-DLS-EU0960_0A,Mac1-DLS-EU0960,CC(N(C)N(C1=O)c2ccccc2)=C1NS(C)(=O)=O,NA,Z45612755,D1 - Glycine rich loop (XChem),5S2C
26,Mac1-DLS-X0091_0B,Mac1-DLS-X0091,CN(CC=1C=C(C)ON1)C(=O)NC2CC2,NA,Z369936976,S1 - Surface (XChem),5S2D
27,Mac1-DLS-X0104_0A,Mac1-DLS-X0104,COC=1C=CC(NC(=O)NC2=CC=CS2)=CN1,NA,Z1152242726,A1 - Adenine site (XChem),5S2E
28,Mac1-DLS-X0128_0A,Mac1-DLS-X0128,O=C(NC=1C=CC=CC1)NC=2C=CC=NC2,NA,Z44592329,A1 - Adenine site (XChem),5S2F
29,Mac1-DLS-X0128_1A,Mac1-DLS-X0128,O=C(NC=1C=CC=CC1)NC=2C=CC=NC2,NA,Z44592329,D1 - Glycine rich loop (XChem),5S2F
30,Mac1-DLS-X0142_0A,Mac1-DLS-X0142,COC=1C=CC(NC(=O)NC=2C=CN=CC2)=CC1,NA,Z321318226,A1 - Adenine site (XChem),5S2G
31,Mac1-DLS-X0158_0B,Mac1-DLS-X0158,CCOC(=O)CN1CCS(=O)(=O)CC1,NA,Z2856434920,S1 - Surface (XChem),5S2H
32,Mac1-DLS-X0159_0B,Mac1-DLS-X0159,C(CC=1C=CC=CC1)NC2=NC=3C=CC=CC3N2,NA,Z57299529,D1 - Glycine rich loop (XChem),5S2I
33,Mac1-DLS-X0173_0B,Mac1-DLS-X0173,O=C(NCC=1C=CC(C#N)=CC1)N2CCOCC2,NA,Z509756472,X1 - Xtal contact (XChem),5S2J
34,Mac1-DLS-X0216_0A,Mac1-DLS-X0216,CC(C)NC(=O)N(C)C1CCS(=O)(=O)C1,NA,Z445856640,X1 - Xtal contact (XChem),5S2K
35,Mac1-DLS-X0228_0A,Mac1-DLS-X0228,COC=1C=CC(C)=CC1NC(=O)NN2C=NN=C2,NA,Z2234920345,K1 - K90 site (XChem),5S2L
36,Mac1-DLS-X0228_0B,Mac1-DLS-X0228,COC=1C=CC(C)=CC1NC(=O)NN2C=NN=C2,NA,Z2234920345,C1 - Catalytic site (XChem),5S2L
37,Mac1-DLS-X0253_0A,Mac1-DLS-X0253,CC=1C=CC=C(C1)C(=O)NCC(=O)O,NA,Z56827661,B1 - Oxyanion hole (XChem),5S2M
38,Mac1-DLS-X0259_0A,Mac1-DLS-X0259,CN(CC1CCOC1)C=2N=CN=CC2Cl,NA,Z1787627869,S1 - Surface (XChem),5S2N
39,Mac1-DLS-X0282_0A,Mac1-DLS-X0282,OCC1CCN(CC1)C=2N=CC=CN2,NA,Z645232558,A1 - Adenine site (XChem),5S2O
40,Mac1-DLS-X0290_0A,Mac1-DLS-X0290,CNCC(=O)NC=1C=C(C)C=CN1,NA,Z927746322,A1 - Adenine site (XChem),5S2P
41,Mac1-DLS-X0299_0A,Mac1-DLS-X0299,CCCC(=O)NCC1=NC=2C=CC=CC2N1,NA,Z26781952,A1 - Adenine site (XChem),5S2Q
42,Mac1-DLS-X0301_0B,Mac1-DLS-X0301,CC(C)C(=O)NC=1N=NN(C)N1,NA,Z57292369,S1 - Surface (XChem),5S2R
43,Mac1-DLS-X0334_0A,Mac1-DLS-X0334,CC(C)NCC=1C=CC(=CC1)N(C)C,NA,Z2856434894,K1 - K90 site (XChem),5S2S
44,Mac1-DLS-X0371_0A,Mac1-DLS-X0371,O=C(NCC1=NC=2C=CC=CC2N1)C3=CC=CO3,NA,Z26781964,A1 - Adenine site (XChem),5S2T
45,Mac1-DLS-X0380_0B,Mac1-DLS-X0380,CC=1C(Cl)=CC=CC1NC(=O)CN,NA,Z85956652,C1 - Catalytic site (XChem),5S2U
46,Mac1-DLS-X0417_0B,Mac1-DLS-X0417,CNC1CCN(C1=O)C=2C=CC=CC2F,NA,Z1186029914,C1 - Catalytic site (XChem),5S2V
47,Mac1-DLS-X0421_0A,Mac1-DLS-X0421,NC(=O)C1=CNC(=N1)C2CC2,NA,Z1407672867,A1 - Adenine site (XChem),5S2W
48,Mac1-DLS-X0423_0B,Mac1-DLS-X0423,CNC1CCCN(C1)C=2C=CC=NN2,NA,Z1139246057,S1 - Surface (XChem),5S2X
49,Mac1-DLS-X0436_0B,Mac1-DLS-X0436,CC(OC=1C=CC(Cl)=CC1)C(=O)N,NA,Z19727416,C1 - Catalytic site (XChem),5S2Y
50,Mac1-DLS-X0438_0A,Mac1-DLS-X0438,CS(=O)(=O)CC1=NC=2C=CC=CC2N1,NA,Z126932614,A1 - Adenine site (XChem),5S2Z
51,Mac1-DLS-X0465_0A,Mac1-DLS-X0465,CC(OC=1C=CC=CC1F)C(=O)O,NA,Z65532537,B1 - Oxyanion hole (XChem),5S30
52,Mac1-DLS-X0469_0B,Mac1-DLS-X0469,COC=1C=C(CN)C=C(OC)C1OC,NA,Z1741959530,S1 - Surface (XChem),5S31
53,Mac1-DLS-X0471_0A,Mac1-DLS-X0471,CC(C)C(=O)NCC1=NC=2C=CC=CC2N1,NA,Z26781943,A1 - Adenine site (XChem),5S32
54,Mac1-DLS-X0496_0A,Mac1-DLS-X0496,CC(C)C=1N=CC(Cl)=C(N1)C(=O)N,NA,Z906021418,X1 - Xtal contact (XChem),5S33
55,Mac1-DLS-X0516_0A,Mac1-DLS-X0516,C[C@H](O)CNCC=1C=CC=2OCOC2C1,NA,Z2856434941,K1 - K90 site (XChem),5S34
56,Mac1-DLS-X0524_0A,Mac1-DLS-X0524,CC(=O)NC=1C=CC(NC=2C=CC=CC2)=CC1,NA,Z68404778,D1 - Glycine rich loop (XChem),5S35
57,Mac1-DLS-X0548_0A,Mac1-DLS-X0548,COC=1C=CC=2NC=C(CN(C)C)C2C1,NA,Z2856434938,S1 - Surface (XChem),5S36
58,Mac1-DLS-X0548_0B,Mac1-DLS-X0548,COC=1C=CC=2NC=C(CN(C)C)C2C1,NA,Z2856434938,S1 - Surface (XChem),5S36
59,Mac1-DLS-X0574_0A,Mac1-DLS-X0574,COC=1C=CC=2SC(N)=NC2C1,NA,Z1954800564,A1 - Adenine site (XChem),5S37
60,Mac1-DLS-X0587_0A,Mac1-DLS-X0587,NC(=O)C=1C=NC(=NC1)C(F)(F)F,NA,Z1745658474,A1 - Adenine site (XChem),5S38
61,Mac1-DLS-X0591_0A,Mac1-DLS-X0591,CNC(=O)C=1C=CC(=CC1)S(=O)(=O)N,NA,Z165170770,A1 - Adenine site (XChem),5S39
62,Mac1-DLS-X0592_0A,Mac1-DLS-X0592,NC(=O)C=1C=NN(CCO)C1,NA,Z1562205518,A1 - Adenine site (XChem),5S3A
63,Mac1-DLS-X0598_0A,Mac1-DLS-X0598,CS(=O)(=O)NCC1CCNCC1,NA,Z1741966151,K1 - K90 site (XChem),5S3B
64,Mac1-DLS-X0600_0A,Mac1-DLS-X0600,CC(=O)C=1C=CC(OCC(=O)O)=CC1,NA,Z2856434937,S1 - Surface (XChem),5S3C
65,Mac1-DLS-X0626_0A,Mac1-DLS-X0626,CCC(=O)NC1=NC(C)=CS1,NA,Z30820160,A1 - Adenine site (XChem),5S3D
66,Mac1-DLS-X0628_0A,Mac1-DLS-X0628,CC=1N=C(C)N(CCC(=O)O)N1,NA,Z274553586,B1 - Oxyanion hole (XChem),5S3E
67,Mac1-DLS-X0631_0A,Mac1-DLS-X0631,CCCN1N=NN=C1NC(=O)C2=CC=CO2,NA,Z57446103,D1 - Glycine rich loop (XChem),5S3F
68,Mac1-DLS-X0655_0B,Mac1-DLS-X0655,CC(=O)NCC1(CCOCC1)C=2C=CC=CC2,NA,Z384468096,X1 - Xtal contact (XChem),5S3G
69,Mac1-DLS-X0662_0A,Mac1-DLS-X0662,CN1C=CC(=N1)C(=O)NC=2C=CC=C(C2)C(=O)[O-],NA,Z2856434892,D1 - Glycine rich loop (XChem),5S3H
70,Mac1-DLS-X0676_0B,Mac1-DLS-X0676,CC1=NN(C(=O)C1)C=2C=CC=CC2,NA,Z50145861,D1 - Glycine rich loop (XChem),5S3I
71,Mac1-DLS-X0681_0A,Mac1-DLS-X0681,NC(=O)C1CCCN2C=CN=C12,NA,Z1324853681,A1 - Adenine site (XChem),5S3J
72,Mac1-DLS-X0685_0A,Mac1-DLS-X0685,CCNC=1C=CC(C#N)=CN1,NA,Z219104216,A1 - Adenine site (XChem),5S3K
73,Mac1-DLS-X0685_1A,Mac1-DLS-X0685,CCNC=1C=CC(C#N)=CN1,O=S(=O)(O)CCNC1CCCCC1,CHES,B1 - Oxyanion hole (XChem),5S3K
74,Mac1-DLS-X0689_0A,Mac1-DLS-X0689,CNC=1N=CC=CN1,NA,Z54628578,A1 - Adenine site (XChem),5S3L
75,Mac1-DLS-X0711_0A,Mac1-DLS-X0711,CS(=O)(=O)NC=1C=CC(=CC1)C(=O)N,NA,mArh-x0711,A1 - Adenine site (XChem),5S3M
76,Mac1-DLS-X0722_0A,Mac1-DLS-X0722,CC1=NN(C)C(C)=C1CC(=O)N,NA,Z287484230,A1 - Adenine site (XChem),5S3N
77,Mac1-DLS-X0724_0A,Mac1-DLS-X0724,CNCC=1C=NN(C1)C=2C=CC=CC2,NA,Z102768020,A1 - Adenine site (XChem),5S3O
78,Mac1-DLS-X0727_0A,Mac1-DLS-X0727,CC(NC(=O)C1CCCC1)C(=O)O,NA,Z1238477790,B1 - Oxyanion hole (XChem),5S3P
79,Mac1-DLS-X0729_0A,Mac1-DLS-X0729,C[C@H]1N(S(=O)(C)=O)CCC[C@H]1C#N,NA,POB0013,X1 - Xtal contact (XChem),5S3Q
80,Mac1-DLS-X0729_0B,Mac1-DLS-X0729,C[C@H]1N(S(=O)(C)=O)CCC[C@H]1C#N,NA,POB0013,S1 - Surface (XChem),5S3Q
81,Mac1-DLS-X0729_1B,Mac1-DLS-X0729,C[C@H]1N(S(=O)(C)=O)CCC[C@H]1C#N,NA,POB0013,X1 - Xtal contact (XChem),5S3Q
82,Mac1-DLS-X0737_0B,Mac1-DLS-X0737,C[C@H]1N(S(=O)(C)=O)CCC[C@H]1C(NC)=O,NA,POB0014,S1 - Surface (XChem),5S3R
83,Mac1-DLS-X0742_0A,Mac1-DLS-X0742,O=C(N1[C@H]2CC3=C(C=CC=N3)[C@@H]1CC2)C,NA,POB0103,A1 - Adenine site (XChem),5S3S
84,Mac1-DLS-X0766_0A,Mac1-DLS-X0766,O=C([C@@H]1[C@H](C2=CSC=C2)CCC1)O,NA,POB0128,A1 - Adenine site (XChem),5S3T
85,Mac1-DLS-X0766_0B,Mac1-DLS-X0766,O=C([C@@H]1[C@H](C2=CSC=C2)CCC1)O,NA,POB0128,C1 - Catalytic site (XChem),5S3T
86,Mac1-DLS-X0792_0A,Mac1-DLS-X0792,OC[C@H]1CNC[C@H](C)C1,NA,POB0041,K1 - K90 site (XChem),5S3U
87,Mac1-DLS-X0796_0B,Mac1-DLS-X0796,O=C1NC2=C(C=CC=C2)CC31NCCC3,NA,POB0120,S1 - Surface (XChem),5S3V
88,Mac1-DLS-X0797_0B,Mac1-DLS-X0797,CC(C=CC=C1)=C1[C@H]2[C@@H](C(O)=O)COC2,NA,POB0135,C1 - Catalytic site (XChem),5S3W
89,Mac1-DLS-X0805_0A,Mac1-DLS-X0805,COC1=CC([C@H]2[C@@H](C(O)=O)COCC2)=CC=C1,NA,POB0136,A1 - Adenine site (XChem),5S3X
90,Mac1-DLS-X0814_0B,Mac1-DLS-X0814,C[C@H]1N(S(=O)(C)=O)CCC[C@H]1C(N)=O,NA,POB0012,S1 - Surface (XChem),5S3Y
91,Mac1-DLS-X0822_0A,Mac1-DLS-X0822,N[C@H]1COCC[C@H]1C2=CC=CC(OC)=C2,NA,POB0140,K1 - K90 site (XChem),5S3Z
92,Mac1-DLS-X0837_0A,Mac1-DLS-X0837,O=C1C=C(I)C=CN1,NA,NCL-00023824,A1 - Adenine site (XChem),5S40
93,Mac1-DLS-X0844_0A,Mac1-DLS-X0844,O=C1C=C(Br)C=CN1,NA,NCL-00023825,A1 - Adenine site (XChem),5S41
94,Mac1-DLS-X0849_0A,Mac1-DLS-X0849,BrC1=CC=NC2=NC=CC=C21,NA,NCL-00023833,A1 - Adenine site (XChem),5S42
95,Mac1-DLS-X0852_0B,Mac1-DLS-X0852,OC1=C(C#N)C=C(Br)C=C1,NA,NCL-00024661,A1 - Adenine site (XChem),5S43
96,Mac1-DLS-X0855_0A,Mac1-DLS-X0855,BrC1=CN(CC(O)=O)N=C1,NA,NCL-00024890,B1 - Oxyanion hole (XChem),5S44
97,Mac1-DLS-X0864_0A,Mac1-DLS-X0864,O=C1N(CC(O)=O)C=CC(Br)=C1,NA,NCL-00024773,B1 - Oxyanion hole (XChem),5S45
98,Mac1-DLS-X0895_0A,Mac1-DLS-X0895,O=C1CNC(=O)N1,NA,Z57131035,A1 - Adenine site (XChem),5S46
99,Mac1-DLS-X0895_1A,Mac1-DLS-X0895,O=C1CNC(=O)N1,NA,Z57131035,A1 - Adenine site (XChem),5S46
100,Mac1-DLS-X0900_0A,Mac1-DLS-X0900,O=C1CCCN1,NA,Z940713508,A1 - Adenine site (XChem),5S47
101,Mac1-DLS-X0900_1A,Mac1-DLS-X0900,O=C1CCCN1,NA,Z940713508,D1 - Glycine rich loop (XChem),5S47
102,Mac1-DLS-X0905_0A,Mac1-DLS-X0905,OC=1C=CC=CN1,NA,Z1741982125,A1 - Adenine site (XChem),5S48
103,Mac1-DLS-X0905_0B,Mac1-DLS-X0905,OC=1C=CC=CN1,NA,Z1741982125,S1 - Surface (XChem),5S48
104,Mac1-DLS-X0910_0A,Mac1-DLS-X0910,NC1=NN=CN1,NA,Z56866006,A1 - Adenine site (XChem),5S49
105,Mac1-DLS-X0910_0B,Mac1-DLS-X0910,NC1=NN=CN1,NA,Z56866006,X1 - Xtal contact (XChem),5S49
106,Mac1-DLS-X0910_1A,Mac1-DLS-X0910,NC1=NN=CN1,NA,Z56866006,A1 - Adenine site (XChem),5S49
107,Mac1-DLS-X0918_0A,Mac1-DLS-X0918,NC=1C=CN=CC1,NA,Z955123498,A1 - Adenine site (XChem),5S4A
108,Mac1-DLS-X0918_0B,Mac1-DLS-X0918,NC=1C=CN=CC1,NA,Z955123498,S1 - Surface (XChem),5S4A
109,Mac1-DLS-X0918_1A,Mac1-DLS-X0918,NC=1C=CN=CC1,NA,Z955123498,A1 - Adenine site (XChem),5S4A
110,Mac1-DLS-X0918_1B,Mac1-DLS-X0918,NC=1C=CN=CC1,NA,Z955123498,C1 - Catalytic site (XChem),5S4A
111,Mac1-DLS-X0918_2B,Mac1-DLS-X0918,NC=1C=CN=CC1,NA,Z955123498,C1 - Catalytic site (XChem),5S4A
112,Mac1-DLS-X0926_0A,Mac1-DLS-X0926,O=C1C=CC=NN1,NA,Z3219959731,A1 - Adenine site (XChem),5S4B
113,Mac1-DLS-X0933_0A,Mac1-DLS-X0933,Cl.N=C1NCCCN1,NA,Z1954800348,A1 - Adenine site (XChem),5S4C
114,Mac1-DLS-X0933_0B,Mac1-DLS-X0933,Cl.N=C1NCCCN1,NA,Z1954800348,S1 - Surface (XChem),5S4C
115,Mac1-DLS-X0933_1A,Mac1-DLS-X0933,Cl.N=C1NCCCN1,NA,Z1954800348,K1 - K90 site (XChem),5S4C
116,Mac1-DLS-X0933_1B,Mac1-DLS-X0933,Cl.N=C1NCCCN1,NA,Z1954800348,X1 - Xtal contact (XChem),5S4C
117,Mac1-DLS-X0933_2A,Mac1-DLS-X0933,Cl.N=C1NCCCN1,NA,Z1954800348,S1 - Surface (XChem),5S4C
118,Mac1-DLS-X0950_0A,Mac1-DLS-X0950,CC(O)C(=O)O,NA,Z1741982441,B1 - Oxyanion hole (XChem),5S4D
119,Mac1-DLS-X0950_1A,Mac1-DLS-X0950,CC(O)C(=O)O,NA,Z1741982441,B1 - Oxyanion hole (XChem),5S4D
120,Mac1-DLS-X0962_0A,Mac1-DLS-X0962,N#CC1=CNC=N1,NA,Z2301685688,A1 - Adenine site (XChem),5S4E
121,Mac1-DLS-X0962_0B,Mac1-DLS-X0962,N#CC1=CNC=N1,NA,Z2301685688,A1 - Adenine site (XChem),5S4E
122,Mac1-DLS-X0962_1A,Mac1-DLS-X0962,N#CC1=CNC=N1,NA,Z2301685688,A1 - Adenine site (XChem),5S4E
123,Mac1-DLS-X0962_2A,Mac1-DLS-X0962,N#CC1=CNC=N1,NA,Z2301685688,D1 - Glycine rich loop (XChem),5S4E
124,Mac1-DLS-X0967_0A,Mac1-DLS-X0967,c1cnc2ncccc2c1,NA,SF003,A1 - Adenine site (XChem),5S4F
125,Mac1-DLS-X0969_0A,Mac1-DLS-X0969,Nc1nnc2ccccn12,NA,SF005,A1 - Adenine site (XChem),5S4G
126,Mac1-DLS-X1012_0A,Mac1-DLS-X1012,NC(=O)N1CCC(CC1)C(O)=O,NA,SF048,B1 - Oxyanion hole (XChem),5S4H
127,Mac1-DLS-X1015_0A,Mac1-DLS-X1015,CC1N(C(=O)NC1=O)c1ccc(Cl)cc1,NA,SF051,B1 - Oxyanion hole (XChem),5S4I
128,Mac1-DLS-X1018_0A,Mac1-DLS-X1018,Clc1ccc2nnnn2n1,NA,SF054,A1 - Adenine site (XChem),5S4J
129,Mac1-DLS-X1092_0B,Mac1-DLS-X1092,Cn1c2[C@H]3C[C@H](Cc2c4ccccc14)NC[C@H]3O,NA,FMOOA000509a,S1 - Surface (XChem),5S4K
130,Mac1-UCSF-C058_0A,Mac1-UCSF-C058,NC=1C=CC=2OC(=O)C=CC2C1,NA,ZINC000001612349,S2 - Surface (UCSF),5RVJ
131,Mac1-UCSF-C102_0A,Mac1-UCSF-C102,CC=1C=C2C(=O)C(=O)NC2=C(Br)C1,NA,ZINC000002977810,S2 - Surface (UCSF),5RVK
132,Mac1-UCSF-C120_0A,Mac1-UCSF-C120,CC=1C=CN=C(N)C1,NA,ZINC000000149580,A2 - Adenine site (UCSF),5RVL
133,Mac1-UCSF-C137_0A,Mac1-UCSF-C137,NC(=O)C=1C=CC(O)=CC1,NA,ZINC000000157088,K2 - K90 site (UCSF),5RVM
134,Mac1-UCSF-C189_0A,Mac1-UCSF-C189,COC=1C=CC(=CC1)C(=O)O,NA,ZINC000000332748,K2 - K90 site (UCSF),5RVN
135,Mac1-UCSF-C194_0A,Mac1-UCSF-C194,NC1=NC=2C=CC=CC2C(=O)N1,NA,ZINC000013514509,A2 - Adenine site (UCSF),5RVO
136,Mac1-UCSF-C242_0A,Mac1-UCSF-C242,NC=1N=CC=C2C=CC=CC12,NA,ZINC000000154817,A2 - Adenine site (UCSF),5RVP
137,Mac1-UCSF-C257_0A,Mac1-UCSF-C257,CC=1C=CC=2NC(=CC2C1)C(=O)O,NA,ZINC000002508153,K2 - K90 site (UCSF),5RVQ
138,Mac1-UCSF-C279_0A,Mac1-UCSF-C279,C1=NNC=2C=CC=CC12,NA,ZINC000016052862,S2 - Surface (UCSF),5RVR
139,Mac1-UCSF-C295_0A,Mac1-UCSF-C295,OC(=O)C=1C=NC=C(C1)C=2C=CC=CC2,NA,ZINC000000159004,K2 - K90 site (UCSF),5RVS
140,Mac1-UCSF-C309_0A,Mac1-UCSF-C309,CC=1C=CC=2C=C(NC2C1)C(=O)O,NA,ZINC000002582714,K2 - K90 site (UCSF),5RVT
141,Mac1-UCSF-C327_0A,Mac1-UCSF-C327,OC(=O)C=1C=CC(=NC1)C=2C=CC=CC2,NA,ZINC000002506130,K2 - K90 site (UCSF),5RVU
142,Mac1-UCSF-C362_0A,Mac1-UCSF-C362,CC=1C=CC=2C(=CNC2C1)C(=O)O,NA,ZINC000020269197,K2 - K90 site (UCSF),5RVV
143,Mac1-UCSF-P0115_0A,Mac1-UCSF-P0115,CC(C)OCCN1C2=C(C(=O)NC1=S)NC=C2,NA,ZINC000034618676,A2 - Adenine site (UCSF),5RS7
144,Mac1-UCSF-P0115_1A,Mac1-UCSF-P0115,CC(C)OCCN1C2=C(C(=O)NC1=S)NC=C2,NA,ZINC000034618676,A2 - Adenine site (UCSF),5RS7
145,Mac1-UCSF-P0116_0A,Mac1-UCSF-P0116,c1coc(CNc2ncnc3[nH]cnc23)c1,NA,ZINC000000001601,A2 - Adenine site (UCSF),5RS8
146,Mac1-UCSF-P0123_0A,Mac1-UCSF-P0123,NC1=C2CCCC2=NC3=NC=NN13,NA,ZINC000007636250,A2 - Adenine site (UCSF),5RS9
147,Mac1-UCSF-P0124_0A,Mac1-UCSF-P0124,CN1C=CC=2C(N)=NC=NC12,NA,ZINC000001674697,A2 - Adenine site (UCSF),5RSB
148,Mac1-UCSF-P0124_1A,Mac1-UCSF-P0124,CN1C=CC=2C(N)=NC=NC12,NA,ZINC000001674697,A2 - Adenine site (UCSF),5RSB
149,Mac1-UCSF-P0131_0A,Mac1-UCSF-P0131,CC1=C(C)C=2C(N)=NC=NC2N1CC3=CC=CO3,NA,ZINC000003888754,A2 - Adenine site (UCSF),5RSC
150,Mac1-UCSF-P0132_0A,Mac1-UCSF-P0132,NC=1N=CN=C2C=CC=CC12,NA,ZINC000000331945,A2 - Adenine site (UCSF),5RSD
151,Mac1-UCSF-P0137_0A,Mac1-UCSF-P0137,FC1CCCN(C1)C=2N=CN=C3NC=CC23,NA,ZINC000336438345,A2 - Adenine site (UCSF),5RSE
152,Mac1-UCSF-P0138_0A,Mac1-UCSF-P0138,CN1C=NC=2C(N)=NC(N)=NC12,NA,ZINC000026180281,A2 - Adenine site (UCSF),5RSF
153,Mac1-UCSF-P0139_0A,Mac1-UCSF-P0139,CN(CCC(=O)O)C=1N=CN=C2NC=CC12.OC(=O)C(F)(F)F,NA,ZINC000263392672,A2 - Adenine site (UCSF),5RSG
154,Mac1-UCSF-P0139_1A,Mac1-UCSF-P0139,CN(CCC(=O)O)C=1N=CN=C2NC=CC12.OC(=O)C(F)(F)F,NA,ZINC000263392672,A2 - Adenine site (UCSF),5RSG
155,Mac1-UCSF-P0142_0A,Mac1-UCSF-P0142,C1CC12CCCN(C2)C=3N=CN=C4NC=CC34,NA,ZINC000274438208,A2 - Adenine site (UCSF),5RSH
156,Mac1-UCSF-P0148_0A,Mac1-UCSF-P0148,C1OC[C@@H]2[C@H]1CCCN2C=3N=CN=C4NC=CC34,NA,ZINC000374420934,A2 - Adenine site (UCSF),5RSI
157,Mac1-UCSF-P0159_0A,Mac1-UCSF-P0159,NC1=C2N=CN=C2N(CC3=CSC(C)=N3)C=N1,NA,ZINC000089254160_N3,A2 - Adenine site (UCSF),5RSJ
158,Mac1-UCSF-P0161_0A,Mac1-UCSF-P0161,NC1=C2N=CN=C2N(CC3=CC(OC)=NO3)C=N1,NA,ZINC000901381520_N3,A2 - Adenine site (UCSF),5RSK
159,Mac1-UCSF-P0163_0A,Mac1-UCSF-P0163,NC=1N=CN=C(N2CC3CCC2CC3)C1Cl,NA,ZINC000365052868,A2 - Adenine site (UCSF),5RSL
160,Mac1-UCSF-P0178_0A,Mac1-UCSF-P0178,NS(=O)(=O)C=1C=CC(=CC1)C(=O)O,NA,ZINC000000001099,B2 - Oxyanion hole (UCSF),5RSM
161,Mac1-UCSF-P0179_0A,Mac1-UCSF-P0179,OC(=O)CN1C(=O)C=2C=CC=CC2C1=O,NA,ZINC000000064576,B2 - Oxyanion hole (UCSF),5RSN
162,Mac1-UCSF-P0180_0A,Mac1-UCSF-P0180,CC(=O)NC=1C=CC(=CC1)C(=O)O,NA,ZINC000000000226,A2 - Adenine site (UCSF),5RSO
163,Mac1-UCSF-P0182_0A,Mac1-UCSF-P0182,O=C1NS(=O)(=O)C=2C=CC=CC12,NA,ZINC000002560357,B2 - Oxyanion hole (UCSF),5RSP
164,Mac1-UCSF-P0188_0A,Mac1-UCSF-P0188,CC=1ON=C(C1C(=O)O)C=2C=CC=CC2,NA,ZINC000000158490,B2 - Oxyanion hole (UCSF),5RSQ
165,Mac1-UCSF-P0190_0A,Mac1-UCSF-P0190,OCC1=NC=2C=CC=CC2N1,NA,ZINC000000158650,A2 - Adenine site (UCSF),5RSR
166,Mac1-UCSF-P0193_0A,Mac1-UCSF-P0193,OC(=O)CNC(=O)NC1CCCCC1,NA,ZINC000006691828,B2 - Oxyanion hole (UCSF),5RSS
167,Mac1-UCSF-P0204_0A,Mac1-UCSF-P0204,OC(=O)C=1C=NC=C(O)C1,NA,ZINC000000332673,B2 - Oxyanion hole (UCSF),5RST
168,Mac1-UCSF-P0206_0A,Mac1-UCSF-P0206,NC(=O)C=1C=CC=CC1O,NA,ZINC000000002055,A2 - Adenine site (UCSF),5RSU
169,Mac1-UCSF-P0212_0A,Mac1-UCSF-P0212,CS(=O)(=O)NC=1C=CC(=CC1)C(=O)O,NA,ZINC000000340465,A2 - Adenine site (UCSF),5RSV
170,Mac1-UCSF-P0213_0A,Mac1-UCSF-P0213,OC(=O)C1CC=2C=CC=CC2C1,NA,ZINC000000337835,B2 - Oxyanion hole (UCSF),5RSW
171,Mac1-UCSF-P0223_0A,Mac1-UCSF-P0223,COC=1C=C(CC(=O)O)C=CC1O,NA,ZINC000000388262,B2 - Oxyanion hole (UCSF),5RSX
172,Mac1-UCSF-P0224_0A,Mac1-UCSF-P0224,CSC=1C=CC(O)=C(C1)C(=O)O,NA,ZINC000004787230,A2 - Adenine site (UCSF),5RSY
173,Mac1-UCSF-P0226_0A,Mac1-UCSF-P0226,OC(=O)C=1C=NN(C1)C=2C=CC=CC2,NA,ZINC000004218283,B2 - Oxyanion hole (UCSF),5RSZ
174,Mac1-UCSF-P0227_0A,Mac1-UCSF-P0227,CC=1C=CC=2C=C(NC2C1)C(=O)O,NA,ZINC000002582714,O - Other (UCSF),5RT0
175,Mac1-UCSF-P0228_0A,Mac1-UCSF-P0228,OC(=O)C=1C=CC=2OCCC2C1,NA,ZINC000000039810,A2 - Adenine site (UCSF),5RT1
176,Mac1-UCSF-P0231_0A,Mac1-UCSF-P0231,OC(=O)CC1=NNC(=O)C=2C=CC=CC12,NA,ZINC000008652361,B2 - Oxyanion hole (UCSF),5RT2
177,Mac1-UCSF-P0255_0A,Mac1-UCSF-P0255,OC(=O)CC1=CC=2C=CC=CC2S1,NA,ZINC000039281982,B2 - Oxyanion hole (UCSF),5RT3
178,Mac1-UCSF-P0263_0A,Mac1-UCSF-P0263,OC(=O)CCC1=NC=2C=CC=CC2N1,NA,ZINC000000051581,A2 - Adenine site (UCSF),5RT4
179,Mac1-UCSF-P0271_0A,Mac1-UCSF-P0271,OC=1C=CC=2C=CC(=O)OC2C1,NA,ZINC000000058111,A2 - Adenine site (UCSF),5RT5
180,Mac1-UCSF-P0277_0A,Mac1-UCSF-P0277,OC(=O)CC=1C=CC(Cl)=C(Cl)C1,NA,ZINC000000156509,B2 - Oxyanion hole (UCSF),5RT6
181,Mac1-UCSF-P0282_0A,Mac1-UCSF-P0282,C1=CC=2C=CC=NC2N1,NA,ZINC000015442276,A2 - Adenine site (UCSF),5RT7
182,Mac1-UCSF-P0283_0A,Mac1-UCSF-P0283,NC1=NOC=2C=CC=CC12,NA,ZINC000000161908,A2 - Adenine site (UCSF),5RT8
183,Mac1-UCSF-P0284_0A,Mac1-UCSF-P0284,CC=1C=CC(O)=C(C1)C(=O)O,NA,ZINC000000388280,A2 - Adenine site (UCSF),5RT9
184,Mac1-UCSF-P0301_0A,Mac1-UCSF-P0301,OC(=O)C=1C=CC=C2OCOC21,NA,ZINC000000332540,A2 - Adenine site (UCSF),5RTA
185,Mac1-UCSF-P0302_0A,Mac1-UCSF-P0302,OC(=O)CNC(=O)C=1C=CC=C(O)C1,NA,ZINC000006534965,A2 - Adenine site (UCSF),5RTB
186,Mac1-UCSF-P0303_0A,Mac1-UCSF-P0303,NS(=O)(=O)C1=NC=2C=CC=CC2N1,NA,ZINC000006490906,A2 - Adenine site (UCSF),5RTC
187,Mac1-UCSF-P0305_0A,Mac1-UCSF-P0305,OC(=O)C=1N=CC=CC1O,NA,ZINC000000157108,B2 - Oxyanion hole (UCSF),5RTD
188,Mac1-UCSF-P0306_0A,Mac1-UCSF-P0306,C1=CNC(=N1)C=2C=CN=CC2,NA,ZINC000013283576,A2 - Adenine site (UCSF),5RTE
189,Mac1-UCSF-P0306_1A,Mac1-UCSF-P0306,C1=CNC(=N1)C=2C=CN=CC2,NA,ZINC000013283576,A2 - Adenine site (UCSF),5RTE
190,Mac1-UCSF-P0309_0B,Mac1-UCSF-P0309,O=C1NC=2C=CC=CC2C1=O,NA,ZINC000002047514,O - Other (UCSF),5RTF
191,Mac1-UCSF-P0319_0A,Mac1-UCSF-P0319,OC(=O)CC=1C=CC=C(O)C1,NA,ZINC000000395673,B2 - Oxyanion hole (UCSF),5RTG
192,Mac1-UCSF-P0321_0A,Mac1-UCSF-P0321,OC(=O)C=1C=CC=C(Cl)C1,NA,ZINC000000156863,A2 - Adenine site (UCSF),5RTH
193,Mac1-UCSF-P0326_0A,Mac1-UCSF-P0326,OC(=O)CCC1=NC=2C=C(Cl)C=CC2S1,NA,ZINC000004219237,B2 - Oxyanion hole (UCSF),5RTI
194,Mac1-UCSF-P0328_0A,Mac1-UCSF-P0328,OC(=O)C=1C=CC(O)=CC1,NA,ZINC000000332752,A2 - Adenine site (UCSF),5RTJ
195,Mac1-UCSF-P0333_0A,Mac1-UCSF-P0333,OC=1C=CC=2OCOC2C1,NA,ZINC000000164504,A2 - Adenine site (UCSF),5RTK
196,Mac1-UCSF-P0337_0A,Mac1-UCSF-P0337,CC=1C=CC(=CC1)S(=O)(=O)N,NA,ZINC000000388056,A2 - Adenine site (UCSF),5RTL
197,Mac1-UCSF-P0338_0A,Mac1-UCSF-P0338,NC(=O)C=1C=NC=CN1,NA,ZINC000000002005,A2 - Adenine site (UCSF),5RTM
198,Mac1-UCSF-P0338_1A,Mac1-UCSF-P0338,NC(=O)C=1C=NC=CN1,NA,ZINC000000002005,A2 - Adenine site (UCSF),5RTM
199,Mac1-UCSF-P0341_0A,Mac1-UCSF-P0341,NC1=NC=2C=CC=CC2C(=O)N1,NA,ZINC000013514509,A2 - Adenine site (UCSF),5RTN
200,Mac1-UCSF-P0343_0B,Mac1-UCSF-P0343,C1CCN(CC1)C2CCNCC2,NA,ZINC000000388302,I - Dimer interface (UCSF),5RTO
201,Mac1-UCSF-P0344_0A,Mac1-UCSF-P0344,OC(=O)C(=O)NC=1C=CC=CC1,NA,ZINC000001679336,B2 - Oxyanion hole (UCSF),5RTP
202,Mac1-UCSF-P0345_0A,Mac1-UCSF-P0345,CC=1N=C(N)C=CC1Br,NA,ZINC000019015078,A2 - Adenine site (UCSF),5RTQ
203,Mac1-UCSF-P0346_0A,Mac1-UCSF-P0346,ONC(=O)C=1C=CC=CC1O,NA,ZINC000018169763,A2 - Adenine site (UCSF),5RTR
204,Mac1-UCSF-P0347_0A,Mac1-UCSF-P0347,OC(=O)C=1C=NC=C(C1)C=2C=CC=CC2,NA,ZINC000000159004,A2 - Adenine site (UCSF),5RTS
205,Mac1-UCSF-P0348_0A,Mac1-UCSF-P0348,CN1C=C(CCC(=O)O)C=2C=CC=CC12,NA,ZINC000000873830,B2 - Oxyanion hole (UCSF),5RTT
206,Mac1-UCSF-P0354_0A,Mac1-UCSF-P0354,CN1N=CC(C(=O)O)=C1C=2C=CC=CC2,NA,ZINC000000159056,B2 - Oxyanion hole (UCSF),5RTU
207,Mac1-UCSF-P0357_0A,Mac1-UCSF-P0357,CC=1C(O)=CC=CC1C(=O)O,NA,ZINC000001698894,B2 - Oxyanion hole (UCSF),5RTV
208,Mac1-UCSF-P0357_1A,Mac1-UCSF-P0357,CC=1C(O)=CC=CC1C(=O)O,NA,ZINC000001698894,B2 - Oxyanion hole (UCSF),5RTV
209,Mac1-UCSF-P0358_0A,Mac1-UCSF-P0358,OC(=O)CC=1C=CC=CC1O,NA,ZINC000000164777,B2 - Oxyanion hole (UCSF),5RTW
210,Mac1-UCSF-P0360_0A,Mac1-UCSF-P0360,NS(=O)(=O)C=1C=C(Cl)C=C(Cl)C1,NA,ZINC000000090873,A2 - Adenine site (UCSF),5RTX
211,Mac1-UCSF-P0361_0A,Mac1-UCSF-P0361,NC(=O)C=1C=CC(O)=CC1,NA,ZINC000000157088,A2 - Adenine site (UCSF),5RTY
212,Mac1-UCSF-P0365_0A,Mac1-UCSF-P0365,OC(=O)C=1C=CC(O)=C(F)C1,NA,ZINC000000404062,A2 - Adenine site (UCSF),5RTZ
213,Mac1-UCSF-P0365_1A,Mac1-UCSF-P0365,OC(=O)C=1C=CC(O)=C(F)C1,NA,ZINC000000404062,A2 - Adenine site (UCSF),5RTZ
214,Mac1-UCSF-P0371_0A,Mac1-UCSF-P0371,OC(=O)CC=1C(Cl)=CC=CC1Cl,NA,ZINC000000388514,B2 - Oxyanion hole (UCSF),5RU0
215,Mac1-UCSF-P0371_0B,Mac1-UCSF-P0371,OC(=O)CC=1C(Cl)=CC=CC1Cl,NA,ZINC000000388514,C2 - Catalytic site (UCSF),5RU0
216,Mac1-UCSF-P0373_0A,Mac1-UCSF-P0373,OC(=O)C(C=1C=CC=CC1)C=2C=CC=CC2,NA,ZINC000000034687,B2 - Oxyanion hole (UCSF),5RU1
217,Mac1-UCSF-P0375_0A,Mac1-UCSF-P0375,OC(=O)COC=1C=CC=CC1,NA,ZINC000000331715,B2 - Oxyanion hole (UCSF),5RU2
218,Mac1-UCSF-P0378_0B,Mac1-UCSF-P0378,OC=1C=CC(C#N)=C(F)C1,NA,ZINC000000161696,O - Other (UCSF),5RU3
219,Mac1-UCSF-P0379_0A,Mac1-UCSF-P0379,CC1=NC=C(S1)C(=O)O,NA,ZINC000001688638,A2 - Adenine site (UCSF),5RU4
220,Mac1-UCSF-P0380_0A,Mac1-UCSF-P0380,OC(=O)C=1C=CC=2NC(=O)CSC2C1,NA,ZINC000098208711,A2 - Adenine site (UCSF),5RU5
221,Mac1-UCSF-P0381_0B,Mac1-UCSF-P0381,NC(=N)C=1C=CC=2C=CC=CC2C1,NA,ZINC000001442764,A2 - Adenine site (UCSF),5RU6
222,Mac1-UCSF-P0385_0A,Mac1-UCSF-P0385,CC=1C=NC(C)=NC1N,NA,ZINC000003591110,A2 - Adenine site (UCSF),5RU7
223,Mac1-UCSF-P0385_1A,Mac1-UCSF-P0385,CC=1C=NC(C)=NC1N,NA,ZINC000003591110,A2 - Adenine site (UCSF),5RU7
224,Mac1-UCSF-P0387_0A,Mac1-UCSF-P0387,NC=1N=CC=C2C=CC=CC12,NA,ZINC000000154817,A2 - Adenine site (UCSF),5RU8
225,Mac1-UCSF-P0392_0A,Mac1-UCSF-P0392,NC=1C=NC=CC1C(=O)O,NA,ZINC000000165882,A2 - Adenine site (UCSF),5RU9
226,Mac1-UCSF-P0394_0A,Mac1-UCSF-P0394,OC(=O)CC=1C=C(Cl)C=C(Cl)C1,NA,ZINC000033986325,B2 - Oxyanion hole (UCSF),5RUA
227,Mac1-UCSF-P0396_0A,Mac1-UCSF-P0396,NC(=O)C=1C=CC=NC1,NA,ZINC000000005878,A2 - Adenine site (UCSF),5RUC
228,Mac1-UCSF-P0396_1A,Mac1-UCSF-P0396,NC(=O)C=1C=CC=NC1,NA,ZINC000000005878,A2 - Adenine site (UCSF),5RUC
229,Mac1-UCSF-P0397_0A,Mac1-UCSF-P0397,NC1=NC=2C(Cl)=CC=CC2S1,NA,ZINC000008615114,A2 - Adenine site (UCSF),5RUD
230,Mac1-UCSF-P0398_0A,Mac1-UCSF-P0398,NC=1C=CC(C(=O)O)=C(O)C1,NA,ZINC000000000922,A2 - Adenine site (UCSF),5RUE
231,Mac1-UCSF-P0402_0A,Mac1-UCSF-P0402,NC1=NC=2C=CC(Cl)=CC2S1,NA,ZINC000016989831,A2 - Adenine site (UCSF),5RUF
232,Mac1-UCSF-P0404_0A,Mac1-UCSF-P0404,OC(=O)COC=1C=CC=C2C=CC=CC12,NA,ZINC000000038389,B2 - Oxyanion hole (UCSF),5RUG
233,Mac1-UCSF-P0411_0A,Mac1-UCSF-P0411,OC(=O)COC=1C(Cl)=CC=CC1Cl,NA,ZINC000000123600,B2 - Oxyanion hole (UCSF),5RUH
234,Mac1-UCSF-P0412_0A,Mac1-UCSF-P0412,O=C1NC=CC=2C=CC=CC12,NA,ZINC000000332651,A2 - Adenine site (UCSF),5RUI
235,Mac1-UCSF-P0415_0A,Mac1-UCSF-P0415,OC(=O)CC1=CNC=2C=CC(Br)=CC12,NA,ZINC000000404314,B2 - Oxyanion hole (UCSF),5RUJ
236,Mac1-UCSF-P0417_0A,Mac1-UCSF-P0417,OC(=O)CC1=NOC=2C=CC=CC12,NA,ZINC000000161692,B2 - Oxyanion hole (UCSF),5UK
237,Mac1-UCSF-P0433_0A,Mac1-UCSF-P0433,CC=1C=C(C)N=C(N)N1,NA,ZINC000000163774,A2 - Adenine site (UCSF),5RUL
238,Mac1-UCSF-P0436_0A,Mac1-UCSF-P0436,OC(=O)CCC1=NC=2C=CC=CC2NC1=O,NA,ZINC000008861082,B2 - Oxyanion hole (UCSF),5RUM
239,Mac1-UCSF-P0437_0A,Mac1-UCSF-P0437,OC(=O)CCN1C=NC=2C=CC=CC12,NA,ZINC000000194295,B2 - Oxyanion hole (UCSF),5RUN
240,Mac1-UCSF-P0439_0A,Mac1-UCSF-P0439,OC(=O)C1=CC=2C(Cl)=CC=CC2N1,NA,ZINC000001683100,B2 - Oxyanion hole (UCSF),5RUO
241,Mac1-UCSF-P0441_0A,Mac1-UCSF-P0441,OC(=O)CN1N=C(C=2CCCCC21)C(F)(F)F,NA,ZINC000004976927,B2 - Oxyanion hole (UCSF),5RUP
242,Mac1-UCSF-P0444_0A,Mac1-UCSF-P0444,NC(=O)C=1C=CC=C2NC=CC12,NA,ZINC000032199226,I - Dimer interface (UCSF),5RUQ
243,Mac1-UCSF-P0451_0A,Mac1-UCSF-P0451,NC1=NC=2C=CC(F)=CC2S1,NA,ZINC000017744334,A2 - Adenine site (UCSF),5RUR
244,Mac1-UCSF-P0453_0A,Mac1-UCSF-P0453,Cl.Cl.NCCC1=CNC=N1,NA,ZINC388081,A2 - Adenine site (UCSF),5RUS
245,Mac1-UCSF-P0455_0A,Mac1-UCSF-P0455,CC(O)(C(=O)O)C=1C=CC=CC1,NA,ZINC000000161958,B2 - Oxyanion hole (UCSF),5RUT
246,Mac1-UCSF-P0472_0A,Mac1-UCSF-P0472,O=S(=O)(Nc1nncs1)c1ccccc1,NA,ZINC000000438614,A2 - Adenine site (UCSF),5RUU
247,Mac1-UCSF-P0482_0B,Mac1-UCSF-P0482,c1ccc(N2CCCNCC2)nc1,NA,ZINC000019015194,O - Other (UCSF),5RUV
248,Mac1-UCSF-P0496_0A,Mac1-UCSF-P0496,Cc1noc(CNC(=O)c2cccc(C(=O)O)c2)n1,NA,ZINC000045014941,A2 - Adenine site (UCSF),5RUW
249,Mac1-UCSF-P0509_0A,Mac1-UCSF-P0509,O=C1Cc2ccccc2N1,NA,ZINC000002020050,D2 - Glycine rich loop (UCSF),5RUX
250,Mac1-UCSF-P0510_0A,Mac1-UCSF-P0510,O=c1[nH]c(=O)c2[nH]cnc2[nH]1,NA,ZINC000013517187,A2 - Adenine site (UCSF),5RUY
251,Mac1-UCSF-P0511_0B,Mac1-UCSF-P0511,c1cc(C2CCNCC2)n[nH]1,NA,ZINC000019685960,I - Dimer interface (UCSF),5RUZ
252,Mac1-UCSF-P0511_1B,Mac1-UCSF-P0511,c1cc(C2CCNCC2)n[nH]1,NA,ZINC000019685960,I - Dimer interface (UCSF),5RUZ
253,Mac1-UCSF-P0522_0A,Mac1-UCSF-P0522,O=C(Nc1nccs1)c1ccccc1,NA,ZINC000000039994,D2 - Glycine rich loop (UCSF),5RV0
254,Mac1-UCSF-P0524_0A,Mac1-UCSF-P0524,[O-]C(C(F)(F)F)=O,NA,TFA,B2 - Oxyanion hole (UCSF),5RV1
255,Mac1-UCSF-P0527_0A,Mac1-UCSF-P0527,O=C(NCc1ccccc1)c1cnccn1,NA,ZINC000000311783,A2 - Adenine site (UCSF),5RV2
256,Mac1-UCSF-P0546_0A,Mac1-UCSF-P0546,COC=1C=CC=2NC=C(CC(=O)O)C2C1,NA,ZINC000000057162,B2 - Oxyanion hole (UCSF),5RV3
257,Mac1-UCSF-P0555_0A,Mac1-UCSF-P0555,NC=1C=NC=2C=CC=CC2C1,NA,ZINC000000039224,A2 - Adenine site (UCSF),5RV4
258,Mac1-UCSF-P0564_0A,Mac1-UCSF-P0564,O=C1NC=NC=2C=3C=CC=CC3OC12,NA,ZINC000008578948,A2 - Adenine site (UCSF),5RV5
259,Mac1-UCSF-P0564_1A,Mac1-UCSF-P0564,O=C1NC=NC=2C=3C=CC=CC3OC12,NA,ZINC000008578948,A2 - Adenine site (UCSF),5RV5
260,Mac1-UCSF-P0565_0A,Mac1-UCSF-P0565,OC(=O)C=1C=CC=2OCOC2C1,NA,ZINC000000158540,A2 - Adenine site (UCSF),5RV6
261,Mac1-UCSF-P0567_0A,Mac1-UCSF-P0567,NC1=NNC=2C=CC=CC12,NA,ZINC000003954002,A2 - Adenine site (UCSF),5RV7
262,Mac1-UCSF-P0568_0A,Mac1-UCSF-P0568,CC=1C=CC(=CN1)C(=O)N,NA,ZINC000000039575,A2 - Adenine site (UCSF),5RV8
263,Mac1-UCSF-P0570_0A,Mac1-UCSF-P0570,CC(C)(C)C=1C=CC(O)=C(O)C1,NA,ZINC000000388150,I - Dimer interface (UCSF),5RV9
264,Mac1-UCSF-P0570_0B,Mac1-UCSF-P0570,CC(C)(C)C=1C=CC(O)=C(O)C1,NA,ZINC000000388150,I - Dimer interface (UCSF),5RV9
265,Mac1-UCSF-P0572_0A,Mac1-UCSF-P0572,CC=1NC=2C=CC=CC2C(=O)C1O,NA,ZINC000016343276,A2 - Adenine site (UCSF),5RVA
266,Mac1-UCSF-P0576_0A,Mac1-UCSF-P0576,Nc1nc2[nH]c(=O)cnc2c(=O)[nH]1,NA,ZINC000014419577,A2 - Adenine site (UCSF),5RVB
267,Mac1-UCSF-P0582_0A,Mac1-UCSF-P0582,CN(C(=O)[C@@]12C[C@H]2CCC1)C=3C=NNC3,NA,ZINC000933940912,O - Other (UCSF),5RVC
268,Mac1-UCSF-P0584_0A,Mac1-UCSF-P0584,C1CC(C1)C2CCCN2C=3N=CN=C4NC=CC34,NA,ZINC000263980802,A2 - Adenine site (UCSF),5RVD
269,Mac1-UCSF-P0587_0A,Mac1-UCSF-P0587,CC(SCC(=O)O)C(=O)N1CCNC1=O,NA,ZINC000736709772,B2 - Oxyanion hole (UCSF),5RVE
270,Mac1-UCSF-P0588_0A,Mac1-UCSF-P0588,NC1=C2N=CN=C2N(C[C@@H]3OCCC3)C=N1,NA,ZINC000082473428_N3,A2 - Adenine site (UCSF),5RVF
271,Mac1-UCSF-P0588_1A,Mac1-UCSF-P0588,NC1=C2N=CN=C2N(C[C@@H]3OCCC3)C=N1,NA,ZINC000082473428_N3,A2 - Adenine site (UCSF),5RVF
272,Mac1-UCSF-P0590_0A,Mac1-UCSF-P0590,NC1=C2N=CN=C2N(CCCC3COCC3)C=N1,NA,ZINC000400552187_N3,A2 - Adenine site (UCSF),5RVG
273,Mac1-UCSF-P1444_0A,Mac1-UCSF-P1444,COC=1C=C(CN2C=NC=3C(N)=NC=NC23)ON1,NA,ZINC000901381520,A2 - Adenine site (UCSF),5S6W
274,Mac1-UCSF-P1444_1A,Mac1-UCSF-P1444,COC=1C=C(CN2C=NC=3C(N)=NC=NC23)ON1,NA,ZINC000901381520,A2 - Adenine site (UCSF),5S6W
275,Mac1-UCSF-P1493_0A,Mac1-UCSF-P1493,OC(=O)C=1C=NC=2C=CC=CC2C1,NA,ZINC000000265642,A2 - Adenine site (UCSF),5RVH
276,Mac1-UCSF-P1494_0A,Mac1-UCSF-P1494,ClC=1C=CC=2OC(=O)NC2C1,NA,ZINC000084843283,A2 - Adenine site (UCSF),5RVI
277,Mac1-UCSF-P1494_0B,Mac1-UCSF-P1494,ClC=1C=CC=2OC(=O)NC2C1,NA,ZINC000084843283,E1 - Diphosphate site (UCSF),5RVI
278,Mac1-J1042_0A,Mac1-J1042,Fc1ccc2[nH]c(CNC(=O)c3ccc(F)nc3)nc2c1,NA,nsp3_51533607,A3 - Adenine site JEDI,
279,Mac1-J1071_0A,Mac1-J1071,Fc1ccc(cn1)C(=O)NCc1nc2ccc(Cl)cc2[nH]1,NA,nsp3_OS110511,A3 - Adenine site JEDI,
282,Mac1-x10173_0A,Mac1-x10173,O=C(O)C1=C(c2ccc3ncsc3c2)CCC1,,POB185,B3 - Oxyanion hole (York),
283,Mac1-x10181_0A,Mac1-x10181,O=C(O)[C@@H]1CCC[C@@H]1c1cccc2[nH]ncc12,,POB175,B3 - Oxyanion hole (York),
284,Mac1-x10183_0A,Mac1-x10183,O=C(O)[C@@H]1CCC[C@@H]1c1ccc2cnccc2c1,,POB177,B3 - Oxyanion hole (York),
285,Mac1-x10184_0A,Mac1-x10184,Cn1cnc2ccc([C@H]3CCC[C@H]3C(=O)O)cc21,,POB179,B3 - Oxyanion hole (York),
286,Mac1-x10186_0A,Mac1-x10186,O=C(O)[C@@H]1CCC[C@@H]1c1ccc2c(c1)NCCN2,,POB181,B3 - Oxyanion hole (York),
287,Mac1-x10199_0A,Mac1-x10199,O=C(O)[C@@H]1CCC[C@@H]1c1ccc2ocnc2c1,,POB176,B3 - Oxyanion hole (York),
